dataset,start_frame,end_frame,fps,label,phi_trans,phi_tan,phi_rad_pm,phi_tan_unsigned,phi_local
0066,0,240,29.97,traveling_polarized,0.928041504537102,0.25534145156255367,0.061702324926606725,0.580012303991695,0.9396422709504312
0066,480,809,29.97,traveling_polarized,0.9134383451037147,0.39491050305854714,-0.027726809999913126,0.5566089784120963,0.9330199251252616
0066,899,1289,29.97,milling,0.3161443745810375,0.7829032890424567,-0.04666895001521937,0.7188514565948193,0.4939173952400843
0066,1289,1409,29.97,expansion_burst,0.5917879824100425,0.5160216897528012,0.37508294841460427,0.521467389485942,0.7641213665684875
0066,1439,1708,29.97,traveling_polarized,0.9216323432459789,0.3989003268767205,0.05792930966508756,0.5294670577243983,0.9486087777732507
0066,2158,2877,29.97,traveling_polarized,0.9025262141720639,0.3123783863297655,-0.01634080010639547,0.5279032187655522,0.9362668319807597
0066,3027,3147,29.97,shoaling,0.3859672049993981,0.23623841687804836,-0.07326664846506055,0.5689968414763754,0.39541914383280063
0066,3207,3536,29.97,milling,0.3230330426703928,0.767765911848351,0.07419929232178506,0.7604804999360549,0.5039084918778722
0066,4555,5245,29.97,traveling_polarized,0.9300157325889798,0.30821098665168073,-0.039479239770578815,0.5162863712469848,0.9419971478914242
0066,5425,5814,29.97,traveling_polarized,0.9336114352789021,0.25302917216893384,-0.04657534032191887,0.597470515347091,0.9507982880199214
0066,5934,6414,29.97,traveling_polarized,0.9262562270772674,0.34227584776693437,-0.06060239572180423,0.4864878339787033,0.9430746638898228
0066,6623,6773,29.97,milling,0.43912696861107064,0.5169134637705586,0.19742631296030594,0.640457398093459,0.4621367257087648
0066,6953,7642,29.97,traveling_polarized,0.9155034050784971,0.35033642297324535,-0.02464408272108618,0.5322234530281503,0.9354259302193895
0066,7882,8182,29.97,traveling_polarized,0.9473505805713311,0.17515301275317702,0.16212455379333035,0.4728493092803158,0.9649686126043461
0066,8392,8691,29.97,traveling_polarized,0.9064523674266559,0.1759014523483803,0.0685620072360995,0.48134280651545636,0.9150621978807665
0066,8871,9740,29.97,traveling_polarized,0.9394263263592134,0.27507953194381307,-0.019882448983380662,0.4799461820757682,0.9520847749360758
0066,9770,9830,29.97,compaction,0.4328006737916772,0.3710873443863449,-0.4466376704049235,0.43156464420366275,0.5631201715254871
0066,9860,9920,29.97,expansion_burst,0.6432131507067526,0.45612084647813894,0.36786366961512645,0.5443886552904359,0.7556329515344549
0066,9920,10490,29.97,traveling_polarized,0.9129309206417506,0.32586288524632495,0.014246451840617276,0.5078690493031758,0.931331620740975
0066,10939,11029,29.97,traveling_polarized,0.9150957898737349,0.19005765327533722,0.04185718995718624,0.4798141680575837,0.9327663247125021
0066,11209,11778,29.97,traveling_polarized,0.9406896229985113,0.33976280427951067,0.07041037955036922,0.5360592049449286,0.9480748272353706
0066,11958,12527,29.97,traveling_polarized,0.9430200541147907,0.2310072125438355,0.011619048937622525,0.5105884628266057,0.9517997453202327
0066,12917,13067,29.97,shoaling,0.4171945948169704,0.21560310220923806,0.07483369949783306,0.5140812446008177,0.5283456378809548
0066,13067,13127,29.97,compaction,0.2558623741649792,0.41667095297579276,-0.332034855576109,0.43844897456759957,0.3427969793192618
0066,13696,13876,29.97,traveling_polarized,0.9654936396008202,0.3274251074295895,-0.030960462365616302,0.45301315261234926,0.9713150918113753
0066,14086,14146,29.97,expansion_burst,0.44323817778965474,0.4342746568587141,0.49321440800997646,0.5888028668131287,0.65490706409662
0066,14356,14476,29.97,traveling_polarized,0.8982319578482354,0.27766524551037175,0.03350253049124855,0.5915428195287997,0.9226335559619251
0066,14535,14625,29.97,milling,0.4876127168468714,0.8290474765696461,-0.03736496480650759,0.7508173744720275,0.6212667683612604
0066,15225,15794,29.97,shoaling,0.5266016246987266,0.16724519084576214,0.06671601651777646,0.5415733189157972,0.557978855022507
0066,16004,16274,29.97,traveling_polarized,0.9169628478870178,0.3144228441358107,0.2726782224473027,0.52438976612246,0.9412573943519463
0066,17113,17233,29.97,expansion_burst,0.8241767765253002,0.19600223517043927,0.42103518292064096,0.4559914594917693,0.9005675616286735
0066,17233,17323,29.97,traveling_polarized,0.9426288721417985,0.20220996306702732,0.08778828754459583,0.46346748472709853,0.9595375051131766
0066,17473,17862,29.97,traveling_polarized,0.9464177328694291,0.21920342577812085,0.05307535906626621,0.48134188171847947,0.960440576728766
0066,18072,18207,29.97,traveling_polarized,0.8958209755437874,0.41495195757671527,0.0056824294963507375,0.5799185648903767,0.9241260612678275
0066,18791,19121,29.97,traveling_polarized,0.9441396067912061,0.2233919764083746,0.07130880342841367,0.5637834764225697,0.9539122631914055
0066,19705,19765,29.97,expansion_burst,0.41339468241948807,0.15720398854310974,0.42446274348459884,0.47766541892447106,0.5420357280983474
0066,19780,20230,29.97,traveling_polarized,0.9354114660628192,0.3091373716005483,-0.017179051427588216,0.4888407866122179,0.9444093011550563
0066,20844,20949,29.97,traveling_polarized,0.9500369395841615,0.23910492390867744,0.11725457269275931,0.49818570099261517,0.9554643043014374
0066,21219,21339,29.97,traveling_polarized,0.9261845269859076,0.4084989680052285,-0.02892202914195657,0.5997742169156884,0.958291206217
0066,21533,21998,29.97,traveling_polarized,0.9413314512736547,0.2374832006029619,-0.0008482207257115501,0.5488381534161252,0.9457627966815302
0066,22058,22193,29.97,traveling_polarized,0.923737965437171,0.2617586715535607,0.07844604495237234,0.4813166174401554,0.9207294340588105
0066,22418,22762,29.97,traveling_polarized,0.9276691468562841,0.1996103698314543,0.11347524339492276,0.48936055971476533,0.9399082875528049
0066,22957,23317,29.97,traveling_polarized,0.9376861691000147,0.17647500635183136,0.1533792094299868,0.4868509085968142,0.947782600867944
0066,23467,23766,29.97,milling,0.4508127824523166,0.6367401971860748,0.06930068235446489,0.7164405648174789,0.6320910420202831
0066,24066,24096,29.97,traveling_polarized,0.936205798267532,0.24610967573980772,0.19205747630387943,0.5107194351368635,0.9453507206278406
0066,24096,24156,29.97,compaction,0.8435262685419136,0.25522665468375405,-0.434076957742912,0.42978729412552075,0.8561518590187126
0066,24156,24276,29.97,shoaling,0.4371807444176197,0.17910597576880297,0.016572586243912692,0.5426063483870458,0.48339221725344544
0066,24366,24575,29.97,traveling_polarized,0.9641564464250594,0.21429931409275585,0.06064870119441095,0.48431409943931186,0.9671705073547721
0084,0,270,29.97,traveling_polarized,0.9512510207281192,0.17277167300891189,0.055221808264015355,0.47322649986515214,0.9642846847475652
0084,599,1139,29.97,traveling_polarized,0.8719962848152896,0.2821796858740286,0.009903106004708924,0.5210700457576423,0.9180789441136749
0084,1663,1798,29.97,traveling_polarized,0.8441351950238902,0.25350569949260127,0.10469672779600098,0.4360989921719403,0.8853088903971954
0084,2188,2517,29.97,traveling_polarized,0.8552669326879022,0.36945442968959813,0.10788020126569237,0.5491929663917824,0.9166929706487686
0084,2817,2937,29.97,traveling_polarized,0.8913707905676608,0.16891085350107773,-0.14096327972383368,0.496382256635011,0.9074229623047324
0084,3117,4106,29.97,traveling_polarized,0.8932111562650271,0.2008243636141032,0.10745366432089071,0.5017301824114366,0.9385891648527583
0084,4196,4496,29.97,traveling_polarized,0.8848988230714078,0.18267300038452144,-0.13854098483888622,0.5072857345470516,0.9198161027919112
0084,4795,5065,29.97,traveling_polarized,0.8941469105069834,0.24938866509642854,0.08971190228521761,0.5643497625701273,0.942238971633291
0084,5275,5380,29.97,shoaling,0.34336193473575194,0.15604673240091949,0.11740889261566351,0.5266837747578194,0.47902349274168254
0084,5709,5844,29.97,traveling_polarized,0.8896611744100305,0.4354900286281416,-0.0032539661179870364,0.647864365166475,0.9488516703617367
0084,5994,6833,29.97,traveling_polarized,0.8863600041283543,0.3845038724158119,-0.04847725288048829,0.5417855774987889,0.9456726232187074
0084,6983,7522,29.97,traveling_polarized,0.8514587480909844,0.4279212024212876,0.10370990462448189,0.586384595512993,0.9192788426492497
0084,7882,8152,29.97,traveling_polarized,0.8975593390430306,0.31476206190982947,0.04318225883837869,0.5283979113121,0.9385089979442968
0084,9351,9890,29.97,traveling_polarized,0.8908048450661151,0.15714686124255953,0.02908968803420782,0.5020003131174947,0.935696205753916
0084,10549,10909,29.97,traveling_polarized,0.8285771549448901,0.26450070255010544,0.06675209833952095,0.5363592106277726,0.9083327015769833
0084,11269,12108,29.97,traveling_polarized,0.821597702591935,0.25900688757163715,-0.05110483912923119,0.5065574328117222,0.9032797783441132
0084,12917,13157,29.97,traveling_polarized,0.8453107906465926,0.20592338856684161,-0.05528875526875003,0.42201016788086126,0.8935926993416117
0084,13472,13726,29.97,traveling_polarized,0.9191939140727952,0.1974917921122511,-0.12266956749556192,0.5079339541090591,0.9553040073277514
0084,14386,14925,29.97,traveling_polarized,0.9298201891536477,0.23213664729512287,0.0027155584880626054,0.49981171904477,0.9551474036151674
0084,15165,15584,29.97,traveling_polarized,0.8994990603440868,0.24879880466970344,0.032282812389069555,0.5579457748363709,0.9427431425306297
0084,15884,16424,29.97,traveling_polarized,0.8443439865727207,0.2919281619028323,-0.004710878389923323,0.49371948904327456,0.9006084256904618
0084,16723,17023,29.97,traveling_polarized,0.9118467353655269,0.2501903226424173,-0.0011148612849827414,0.48879392075777633,0.9509878789260029
0084,18986,19121,29.97,traveling_polarized,0.9441433636166638,0.22902298356081865,-0.08282205034742159,0.47832444095053267,0.9611879996368021
0084,19480,21039,29.97,traveling_polarized,0.8519902743157962,0.24543107220590965,-0.021155275367834625,0.526004669449596,0.8922239226273435
0084,21219,21878,29.97,shoaling,0.291511341299417,0.2829206985246782,0.05281876944698233,0.5691422251381911,0.5019101519463538
0084,22028,23047,29.97,shoaling,0.31444612492545093,0.14458902142654345,-0.022133086893579245,0.5509183353657707,0.49238154800487793
0084,23886,23976,29.97,milling,0.488739178947852,0.5554025785169598,-0.10401302503385595,0.6974842740100438,0.7112539078747488
0103,0,390,29.97,traveling_polarized,0.8051963833642258,0.18186466974909368,0.026398971644092738,0.5446774972936783,0.8554908602473671
0103,554,704,29.97,shoaling,0.29854346989029656,0.19876585320549356,0.0081854158357191,0.4996816941872934,0.5090918181434948
0103,824,929,29.97,traveling_polarized,0.7833551081615975,0.11638302252609208,0.0021105939102977404,0.5101996764788004,0.8562322943042703
0103,1079,1154,29.97,milling,0.17880896221653209,0.5482548245106094,0.0718180943504594,0.7117452086565992,0.6323581767625636
0103,1304,1618,29.97,traveling_polarized,0.9235165384594275,0.17752994988333046,-0.06316707665387032,0.4623090132027034,0.9501575734039825
0103,2098,2218,29.97,shoaling,0.25697845190869256,0.16363240756879424,0.09700998770685655,0.60669182812599,0.5057537719363195
0103,2323,2637,29.97,milling,0.18506649229949576,0.5185175966320872,0.06479090061914904,0.6442152293163653,0.6393587384364932
0103,3192,3312,29.97,traveling_polarized,0.8701469039443452,0.1595764816125319,0.1120968334155914,0.4977388063046965,0.9177811338134192
0103,3477,3686,29.97,traveling_polarized,0.823973764424053,0.06595278229639939,0.020243545891590286,0.4888233234277359,0.8634756784503149
0103,3851,4061,29.97,milling,0.19336842432467613,0.5071615540488159,0.09667094822704136,0.6446899024388664,0.645810810509462
0103,4525,4585,29.97,traveling_polarized,0.8067634529795672,0.11963950249442484,0.0801943422233987,0.5680818689479621,0.8940878579162953
0103,4885,5125,29.97,traveling_polarized,0.8504925044750894,0.1829776218869186,-0.029904388132048258,0.47363288076306065,0.9005375430495642
0103,5844,6204,29.97,traveling_polarized,0.8507400972997092,0.17403034472047607,-0.052048402596570065,0.4690118539607092,0.881740975110634
0103,7043,7492,29.97,traveling_polarized,0.9196633610997204,0.18381892035792605,0.008777422692364274,0.48988730983193224,0.9450141035503884
0103,7687,7867,29.97,shoaling,0.18048612496675373,0.16781001794539807,0.014194863563308699,0.594704997872033,0.47048203059877214
0103,8886,8961,29.97,traveling_polarized,0.8481076251882481,0.04217805127581115,-0.02921143447487814,0.4398983091628787,0.8883678092373397
0103,9590,9860,29.97,traveling_polarized,0.8871850720825983,0.08326067865934016,0.04732020335557358,0.5231815361986752,0.9289037817045872
0103,10699,11284,29.97,traveling_polarized,0.8192550170141736,0.14963053214873878,0.0038751093519001963,0.4623164980818465,0.8643608957984084
0103,11389,11628,29.97,shoaling,0.29057181601339854,0.08444332558682252,0.09054679033775347,0.45113990441079543,0.5110318661758703
0103,12108,12497,29.97,traveling_polarized,0.8921783339601447,0.10563490193376557,-0.00519469508460315,0.48438181941079134,0.933160733961949
0103,12977,13591,29.97,traveling_polarized,0.8470864673432036,0.08332329397221849,0.06304046098002429,0.5314037296819915,0.8910269408026967
0103,13786,13906,29.97,shoaling,0.11698141302406645,0.28813684019453323,0.09644302105038345,0.6326603308206605,0.513847186081208
0103,14326,14505,29.97,traveling_polarized,0.8686853411522651,0.1370624694153372,0.09274216179646115,0.5219758219373991,0.914987083331378
0103,15195,15315,29.97,traveling_polarized,0.7772937995996695,0.06669637087922511,-0.06364436329108206,0.5069588657734678,0.8692968347956921
0103,15554,15944,29.97,traveling_polarized,0.8570018607252011,0.16911689080863052,-0.010042554036676365,0.5310284134341641,0.891131502210027
0103,16693,16783,29.97,milling,0.13576474809137948,0.5309195622933206,-0.004642545648422447,0.6914781115042796,0.6184425026261832
0103,17802,18072,29.97,traveling_polarized,0.8911717662635491,0.2406084615900981,0.058648352391807275,0.4982724022646138,0.9205405112483416
0103,18207,18267,29.97,milling,0.09970352974654291,0.6537667473926301,0.08688361822130043,0.6717274206761491,0.7318716766418167
0103,19121,19705,29.97,milling,0.15309484842918802,0.6253847069168157,0.12208352116614375,0.6576351954120998,0.7092052313479311
0103,19900,20020,29.97,traveling_polarized,0.8571263744489944,0.20069858128821264,-0.00917251376509705,0.5266800244722353,0.9123760196527828
0103,20919,21354,29.97,traveling_polarized,0.8798670386749351,0.15396875334985227,0.01460034892406074,0.5065488337729956,0.9177588502914178
0103,22178,22762,29.97,traveling_polarized,0.8539494152025406,0.08484919786969641,0.01165961456218912,0.5278516604053198,0.8894754726314485
0103,22927,23122,29.97,traveling_polarized,0.7960920302832618,0.24737528212928855,0.05005633445015664,0.5497655684555267,0.863147135882582
0103,23182,23347,29.97,traveling_polarized,0.9283897844557056,0.26626669711452067,0.10460578550068488,0.465972655028449,0.9553539441826981
0103,23526,23616,29.97,shoaling,0.258123397792349,0.24822892820371417,0.14212371918988836,0.5429277137867663,0.530777160523191
0103,24456,24575,29.97,milling,0.11741122462199967,0.520887186366123,0.1306314977615153,0.6273002814898729,0.6273316045851403
0105,90,195,29.97,shoaling,0.315040978207695,0.15707509220736618,-0.08505353942988074,0.4501403612530392,0.46722783719643063
0105,210,869,29.97,traveling_polarized,0.8885148954278508,0.2732532886662236,0.020508841600385234,0.5023678822334728,0.9066629985492585
0105,989,1498,29.97,traveling_polarized,0.8454401691029629,0.25993216439237554,0.11113433067218567,0.5016395376342117,0.861927222906216
0105,1978,2607,29.97,traveling_polarized,0.9325348865628689,0.26868882829214574,0.0024733994118286743,0.524945544140312,0.9405016571793801
0105,2727,3387,29.97,traveling_polarized,0.9291664744751594,0.26777891205136084,0.019329313442076106,0.4936752566968318,0.9363392902263806
0105,3716,3836,29.97,milling,0.561699579669403,0.5935458668039687,0.0163065079461354,0.7353774584992856,0.6151724796143385
0105,4615,4735,29.97,traveling_polarized,0.8400666677806318,0.23342408077225196,0.041841005493193535,0.5770319682017124,0.8382738267001351
0105,4975,5485,29.97,traveling_polarized,0.9391492031388742,0.3742779298142842,-0.06384488503313035,0.5041566238969646,0.9569027118640785
0105,5814,6623,29.97,traveling_polarized,0.9107740981013434,0.3238105592725669,0.048923277900274835,0.49174278228081675,0.9294453473619301
0105,6803,7133,29.97,traveling_polarized,0.8869526127023182,0.25026830275784917,0.07148098092330983,0.4814386819148302,0.8903984805575244
0105,7223,7972,29.97,traveling_polarized,0.8860847369379115,0.23140433171197183,0.05276725372838531,0.4704954118473436,0.9011811202262904
0105,8062,8152,29.97,traveling_polarized,0.8996480392567436,0.19483876227895094,-0.09674185885276329,0.4325156257329654,0.9239687854478872
0105,8242,8452,29.97,traveling_polarized,0.9047568409363832,0.21927626613046786,0.07456776393191872,0.5083808379658791,0.9321269617648844
0105,8631,9291,29.97,traveling_polarized,0.8855864536928576,0.2796464966797148,0.04160677644646969,0.5224925266848425,0.8973688830956293
0105,9351,9426,29.97,milling,0.4659760892694404,0.5575108194215552,0.1349313970202289,0.8064219085196879,0.5045240873123608
0105,9590,10040,29.97,traveling_polarized,0.838568694798307,0.26747874063745863,0.02903846844202973,0.47642601969534437,0.8594612989562029
0105,10310,11179,29.97,traveling_polarized,0.9465022137087455,0.2820480847257003,0.040195238263176176,0.48602165904379324,0.9582218098371521
0105,11299,11988,29.97,traveling_polarized,0.898186267495318,0.2477787884996415,0.06540820890629595,0.4432529718026824,0.9087794594562549
0105,12557,12632,29.97,traveling_polarized,0.9651236366266126,0.44255476871625554,0.0222174331743508,0.3568275730504835,0.9760687106411109
0105,12707,12857,29.97,traveling_polarized,0.9743541510712219,0.2056326559897707,0.02790002247925888,0.36009437663280863,0.9748392898566531
0105,12977,13097,29.97,traveling_polarized,0.9208078539375047,0.21456741204727045,0.18103313552013578,0.39119733814091795,0.9561341722481583
0105,13217,14326,29.97,traveling_polarized,0.9021298443583489,0.298066459733286,0.06375244736591162,0.5571426534863215,0.9236327057114957
0105,14416,15105,29.97,traveling_polarized,0.9041992751897556,0.29137558011434844,-0.001911478703653791,0.5271407683934242,0.9157729783700281
0105,15405,16094,29.97,traveling_polarized,0.8611864638858198,0.3211305204258058,0.06968336794364031,0.5078808789248486,0.8760689466834686
0105,16214,16484,29.97,traveling_polarized,0.8683530228930911,0.2592754302389091,-0.06539537791257025,0.5309762306418084,0.873287912912913
0105,16723,17083,29.97,traveling_polarized,0.885906208912954,0.17146369910697573,0.011376956686423472,0.49737467837127997,0.8830439794557001
0105,17562,17772,29.97,traveling_polarized,0.8875498504851138,0.33708322760053605,-0.029047975336164093,0.43719615416750446,0.9176615678185629
0105,17982,18372,29.97,traveling_polarized,0.9323552753420561,0.22084956467842445,0.011907591799157772,0.4878561532388445,0.9418991027290023
0105,18611,18911,29.97,traveling_polarized,0.9271802681287841,0.2745726035539664,0.0827070036753064,0.5337490166698434,0.9460933652225311
0105,19061,19480,29.97,traveling_polarized,0.9259771587974694,0.28482802003367313,0.07726771488535705,0.537829131324817,0.9378391908057337
0105,19840,20350,29.97,traveling_polarized,0.8821222059805246,0.3702271579470168,-0.04583443445918413,0.5028125678611308,0.9062820658944432
0105,20619,21459,29.97,traveling_polarized,0.913514277315318,0.2483952836911502,0.03788309139066368,0.486417638030179,0.9280801995831717
0105,21878,22478,29.97,traveling_polarized,0.8891991811427769,0.23738579194435605,0.09845250551761167,0.5200529530331065,0.9218456734739614
0105,22657,22747,29.97,shoaling,0.5468691340926489,0.14966313888401284,0.04677255629604311,0.48123390022506024,0.6140692732914472
0105,22897,23586,29.97,traveling_polarized,0.8791212802760634,0.30662535642770444,0.05222488099907429,0.5491402498423819,0.8972985154407028
0105,23766,23826,29.97,shoaling,0.48297653484963377,0.14652786554159952,0.07637460254866585,0.6104465754772089,0.6012044582607258
0105,23826,24545,29.97,traveling_polarized,0.9353541941001565,0.3308496194068157,-0.01584494227265299,0.49282816510850724,0.9493314676083371
0107,15,524,29.97,milling,0.22574719267080795,0.7286117379526228,0.1000846599610044,0.6952348449891388,0.8026066078460292
0107,1439,1633,29.97,traveling_polarized,0.8420166615881312,0.24827497235098017,0.03297265911287842,0.5244279973528042,0.8966889465767829
0107,1723,1828,29.97,traveling_polarized,0.768031282124509,0.3608278707170148,-0.008363594888681389,0.5323729118689084,0.8555115992918543
0107,2278,5305,29.97,milling,0.2798418572472053,0.7104131849269142,0.09043266814446797,0.7494813488018233,0.7952058946883077
0107,7028,7403,29.97,traveling_polarized,0.8582644691145422,0.1454096144327219,-0.0752803509149597,0.5011823266922418,0.8957264131462971
0107,8646,9321,29.97,shoaling,0.14333165829889655,0.0987020085158843,0.030208067338229505,0.5027150429843541,0.44982454995379867
0107,9530,9590,29.97,shoaling,0.2277243602546693,0.05011274584572052,0.1659412731180022,0.5256513321609598,0.5084490232206933
0107,10190,10340,29.97,shoaling,0.3601344226245297,0.09542150439053437,0.07984225407413925,0.5928098522174745,0.5317211834687354
0107,10894,11089,29.97,traveling_polarized,0.8240652117075254,0.14814644576798336,-0.08278612844575511,0.48706350327187936,0.8748002231237082
0107,11568,12078,29.97,milling,0.320191097913733,0.599282429104877,0.08458274156008236,0.6479604466427024,0.7198507923194845
0107,12408,12512,29.97,traveling_polarized,0.8930888392016889,0.13958914233860253,0.08884994672828588,0.5462208485108436,0.9344197087091415
0107,13112,13472,29.97,milling,0.29180975901559364,0.6030326562975211,0.07615253888022763,0.7268737638970489,0.6980583925575806
0107,15360,15824,29.97,milling,0.23753348254684695,0.6062421522445799,0.014683534257308855,0.663257101976351,0.7074625251699718
0107,16828,16903,29.97,traveling_polarized,0.7925208478433549,0.3476474091777169,-0.0801475236212656,0.4348934473327133,0.8676467165251794
0107,17637,17772,29.97,traveling_polarized,0.8622425611124048,0.3261581901485906,0.044463117768559574,0.46573427349912166,0.9202949210113326
0107,17937,18132,29.97,traveling_polarized,0.8867774797896834,0.13907303927256034,-0.013786127138121766,0.5197567621164861,0.9197133846997503
0107,19052,19121,29.97,shoaling,0.22803104269469446,0.17266582883446002,0.12014271465474476,0.576410240821917,0.4871350896023602
0107,19690,20589,29.97,traveling_polarized,0.8706673073892167,0.2164024846203628,0.03334379148804151,0.5426039682516841,0.9176125026527916
0107,21264,21818,29.97,milling,0.21864041857213953,0.672479002238844,0.06565208421884715,0.7414618541012555,0.7446301562709459
0107,22373,22627,29.97,traveling_polarized,0.8753072876675142,0.19663334633186766,-0.07240945115341077,0.5070319349129371,0.9038553534433299
0107,23317,23467,29.97,traveling_polarized,0.8041626813038733,0.2612644476646578,-0.01173879988248161,0.5688693596720739,0.8681767968014977
0107,23646,23826,29.97,traveling_polarized,0.8587555951205199,0.09072562103204646,-0.07154677805367543,0.4819808779539281,0.8954034538538777
0107,24051,24126,29.97,shoaling,0.13170221196340617,0.04522011533521933,0.14697115318225093,0.526966680001491,0.4851395873666092
0107,24186,24261,29.97,shoaling,0.2570631029736973,0.0958621299125623,0.09771202793348908,0.5196475116248261,0.49391606865631216
0107,24396,24575,29.97,shoaling,0.3668870885589705,0.05657763590043802,0.08666060323313872,0.5655376766845384,0.5799884979795012
0115,0,240,29.97,traveling_polarized,0.9387058395015779,0.26966449619663585,0.025530595276677368,0.5476024151554488,0.9562920585733565
0115,480,1229,29.97,traveling_polarized,0.8939915517383229,0.24887678261920188,0.0355640413601941,0.5346195718454344,0.9289456505456694
0115,1469,2038,29.97,traveling_polarized,0.9092970131020853,0.21974610722362115,0.02759943896281737,0.5436211332286437,0.935584444923405
0115,2847,2997,29.97,traveling_polarized,0.8647267724196774,0.27098667613584904,-0.009536209695898488,0.5002412218053585,0.9031202054222041
0115,3132,3252,29.97,shoaling,0.2460022153397035,0.25682013848491897,0.05466303354871741,0.5936575795381872,0.47447532673092396
0115,3506,3656,29.97,traveling_polarized,0.832046916295801,0.16566536014643038,0.1860677099836044,0.5061698237326594,0.8903204223861688
0115,3911,3995,29.97,shoaling,0.26874361708467887,0.0965660529015525,-0.06335718237995625,0.5927518253935655,0.5205875141230057
0115,4211,4451,29.97,traveling_polarized,0.8981066067905571,0.21985799629576477,0.029928591080331822,0.45269690932030865,0.9437790904071057
0115,4615,4705,29.97,traveling_polarized,0.8570414986563745,0.08327729702752279,0.0785577894879059,0.535346565728364,0.8895033006973835
0115,4810,4975,29.97,milling,0.40296363219153725,0.5347190526962866,0.10493641672426073,0.7234551795837628,0.6363738486933899
0115,5589,5754,29.97,traveling_polarized,0.7782672277602487,0.26091785983035376,0.05333815739601873,0.616200497851314,0.8391087614839005
0115,5904,6189,29.97,traveling_polarized,0.9208694885228524,0.22335317225015297,0.08724101784887972,0.5321528996588084,0.9433542181127565
0115,6728,6833,29.97,traveling_polarized,0.9405595663429458,0.21239384900276537,0.07564936478888984,0.5508176110743063,0.9532849639509882
0115,6983,7088,29.97,traveling_polarized,0.8390203598586545,0.12890708151650312,-0.09476539443854998,0.6097509886459272,0.9234808522999589
0115,7193,7358,29.97,traveling_polarized,0.8474654783105656,0.20879469172704454,-0.024826591598805105,0.4649353744269433,0.8913880801219314
0115,7433,8047,29.97,traveling_polarized,0.8940225615977051,0.17125042528005577,-0.009894262448086303,0.4705665776496272,0.929629233009202
0115,8392,8781,29.97,milling,0.28945281580416315,0.6102011169582426,0.08854219474987071,0.6850494814539316,0.6721304418354578
0115,8901,9261,29.97,traveling_polarized,0.9221033854978067,0.19804827231765668,0.038479193450388485,0.5349365261539032,0.9472902981373746
0115,9456,9650,29.97,traveling_polarized,0.9165481383601668,0.15341917239727434,-0.039894512437960224,0.4589692921122226,0.9385917633023122
0115,9755,10070,29.97,traveling_polarized,0.9114776540602464,0.13243939499102073,0.07135519168357754,0.4570523536265942,0.9312689933885341
0115,10849,12258,29.97,traveling_polarized,0.8906903464034189,0.2000399604787128,0.016313691671973145,0.5323955992773659,0.9251910218391073
0115,12707,12797,29.97,milling,0.39759209240698784,0.5825999360098814,0.02283667718273074,0.6369853145690152,0.6765775648169915
0115,12917,13082,29.97,milling,0.4308230233381745,0.6292086282891649,0.16414520067349642,0.760321412592133,0.7054095173895899
0115,13397,13621,29.97,traveling_polarized,0.9338566949270005,0.17017082005165976,0.06315151648683671,0.4943262631076705,0.9665373356624597
0115,14131,14461,29.97,traveling_polarized,0.8996785178892184,0.18583539685549458,0.016227738674555316,0.47699515337787884,0.9143760754257049
0115,14625,14970,29.97,shoaling,0.38205787490260545,0.20025139026830746,0.07604612324190772,0.49481191385048356,0.518066114289004
0115,15075,15270,29.97,milling,0.25325949545751736,0.4699137831854488,0.11806394894607064,0.6228192336861513,0.5430936569538859
0115,16004,16169,29.97,traveling_polarized,0.8408167723162021,0.11368832516923143,-0.06394395665529466,0.44632209834740766,0.898920522796295
0115,16304,16663,29.97,traveling_polarized,0.8727393054200547,0.21425159303684055,-0.015691017765336372,0.5381094209096772,0.9073728057195888
0115,17338,17592,29.97,traveling_polarized,0.8506334295798301,0.22206907460444006,0.0037487808006987726,0.5338623467827144,0.8871522250909828
0115,17652,17787,29.97,shoaling,0.3554760203874347,0.2803824513797934,-0.00033759091900696636,0.6718263002430284,0.5317976574380174
0115,18027,18357,29.97,traveling_polarized,0.9039765922854218,0.3301247165432223,0.03443834653839022,0.5641103123851091,0.9397116484737551
0115,18387,18536,29.97,traveling_polarized,0.8580470281444053,0.2305435854865099,0.08255299465346218,0.5081516130320087,0.8994569524801943
0115,19480,19720,29.97,traveling_polarized,0.8132591468998615,0.2857425737707644,0.0299915213648226,0.6081564119981557,0.8798230905671126
0115,19900,20050,29.97,traveling_polarized,0.8029940383790455,0.3392231463306914,0.05475098041197528,0.5252047437318167,0.8929126627777051
0115,20200,20529,29.97,traveling_polarized,0.9204905950081836,0.2735922422529323,-0.026635157481628147,0.42863196342478466,0.9472794086395643
0115,20874,21249,29.97,traveling_polarized,0.9415470825003801,0.15147327774281696,0.007346719492829228,0.4387483087766174,0.9567287459489985
0115,21788,21878,29.97,traveling_polarized,0.8168859036698926,0.33498796109032963,0.016111436516488595,0.5329446785664401,0.8737334196135816
0115,21968,22343,29.97,traveling_polarized,0.8770443482054376,0.16604808799906542,-0.008449022424038612,0.5212292256706825,0.9082429435231623
0115,22657,23437,29.97,traveling_polarized,0.8822744738447023,0.183861146018071,0.04615661853559551,0.525148722627986,0.9179890308514942
0115,23496,23616,29.97,traveling_polarized,0.8612467846638396,0.26282233191855897,0.006839277267427629,0.4898049628921744,0.9142883523620338
0115,23991,24426,29.97,milling,0.47617795213067016,0.6641769204066144,0.10035064209969138,0.7275500643052308,0.8101482223321603
0120,180,659,29.97,traveling_polarized,0.9239036731352801,0.29547087627795504,-0.00757838612645575,0.50302522737358,0.948709863314419
0120,959,1469,29.97,traveling_polarized,0.9255514343012794,0.26065377050524174,0.0008329541420385771,0.46265413980014497,0.9444923377174919
0120,1558,1663,29.97,shoaling,0.23435234973822947,0.2797281169255424,0.10616816672232862,0.57484289609804,0.532819437066492
0120,1852,1978,29.97,shoaling,0.42270107621998737,0.15456832199687615,-0.09257058253724335,0.5266071029631111,0.6033510684525916
0120,2098,2787,29.97,traveling_polarized,0.8834732401840096,0.2633320668315116,-0.043553618748378965,0.5265938062186466,0.9293308750383049
0120,3057,3686,29.97,traveling_polarized,0.8632418937027034,0.26863024271633507,0.05405187656217408,0.4850758341227069,0.9040933019435212
0120,3746,3956,29.97,milling,0.3778045260168721,0.6360384491442249,0.016066664908017877,0.7151830184932789,0.7244495172230532
0120,4166,4645,29.97,traveling_polarized,0.9270282265204433,0.3696326828848511,-0.033531787299647293,0.522430217433974,0.9593830080585928
0120,4885,5275,29.97,traveling_polarized,0.8931951734027812,0.29978685321724374,0.06440198193033274,0.4779259308156538,0.9246961761567873
0120,5523,5589,29.97,shoaling,0.35210433670176394,0.27837620814864183,-0.0331906784356317,0.5832419325319114,0.5168266035103634
0120,5754,6533,29.97,traveling_polarized,0.7960275391969927,0.20664201384437517,-0.024454693408686747,0.5816207560211691,0.8878258885083921
0120,6593,6953,29.97,milling,0.21567277185881129,0.6850486469168731,0.08521047610210054,0.6412968739426745,0.6797289352540204
0120,7103,7463,29.97,traveling_polarized,0.9221483785733514,0.17789526720549292,0.01728097803295354,0.3950406227683787,0.9418951330095846
0120,7642,8362,29.97,traveling_polarized,0.8914833591698753,0.345686143537398,0.04334161518875074,0.5005446686822375,0.9405929694414927
0120,8482,9411,29.97,traveling_polarized,0.8934541405160353,0.34961273519516334,-0.04652602119464375,0.5532456940295432,0.9339363356950842
0120,9530,9590,29.97,milling,0.32014102757607155,0.5766821945475673,-0.022486936251308612,0.6888193572890394,0.5924331440398127
0120,10010,11029,29.97,traveling_polarized,0.832070852087723,0.2197728647322264,-0.020011114579297804,0.5618898286225771,0.8874415265851885
0120,11329,11389,29.97,milling,0.2167449429743429,0.7465012542808094,0.12163906918514958,0.7788210713211081,0.7011117666470936
0120,11470,11637,29.97,milling,0.15285658455399692,0.6827198087281169,0.10508065028129158,0.7372643584267669,0.6735466857323281
0120,13361,13576,29.97,milling,0.2678353425002624,0.6964357106656608,0.07102182185849468,0.7366342017657435,0.6872543415340417
0120,13696,14071,29.97,traveling_polarized,0.9196937270657319,0.1861484935801769,-0.012069376734852876,0.518487959439867,0.9303983270139048
0120,14790,14880,29.97,shoaling,0.3432042461319879,0.24840887693817118,0.004179799513977331,0.6274890546466517,0.5133316689772851
0120,14985,15375,29.97,traveling_polarized,0.9371258992849518,0.23420377416207477,0.052174800668285115,0.47485618861502626,0.9554642031986781
0120,15644,16064,29.97,traveling_polarized,0.9135781794417573,0.2992424746330778,0.06727147892988566,0.5218659863348483,0.9427941797046333
0120,16747,16864,29.97,shoaling,0.4685274709247349,0.27379782071258424,0.05311012304442935,0.618142396914792,0.7063295016016541
0120,17338,17383,29.97,traveling_polarized,0.7779831172409069,0.379863966611106,0.08024936382508592,0.6128104004364812,0.8927876932250456
0120,18686,18836,29.97,traveling_polarized,0.8748865975643294,0.3696354307232309,0.056558933003755196,0.5925833406997573,0.9362026958320773
0120,19016,19286,29.97,traveling_polarized,0.8994676538067281,0.21114215500247302,-0.014910335171994799,0.5395941973498655,0.974231862591828
0120,19690,19855,29.97,traveling_polarized,0.839521548924882,0.18898432731060777,-0.06584715183449506,0.5443314551166388,0.9175125984423541
0120,19900,20020,29.97,traveling_polarized,0.9001920763855933,0.2887137896673779,0.05524469189355138,0.675967752567674,0.9747573288357791
0120,20215,20305,29.97,traveling_polarized,0.8506397080302619,0.24856856905280011,-0.13394991899809153,0.6149594537019908,0.8918445254690263
0120,20919,21039,29.97,traveling_polarized,0.8649888319559454,0.3592141077795639,0.09076779162908041,0.5444791450004348,0.9228388539107485
0120,21099,21384,29.97,traveling_polarized,0.9043758939492641,0.24400630602318404,-0.026546097146102378,0.5196713908344669,0.947164196781251
0120,21429,21533,29.97,traveling_polarized,0.8611433317718026,0.19497447079449973,-0.08648951631366897,0.4581853480344658,0.9259296859324686
0120,22522,22612,29.97,traveling_polarized,0.875049936768121,0.1997567418172356,0.028227728917847777,0.6089105055595122,0.9032865906159191
0120,22837,23257,29.97,traveling_polarized,0.8670070275986907,0.18290395125375855,-0.003099543777676913,0.43689235861198233,0.9159751067849343
0120,23437,23496,29.97,traveling_polarized,0.8781545583051041,0.46209327387466287,0.13259202435769663,0.7458199933740974,0.9480172175375308
0120,23541,23841,29.97,traveling_polarized,0.9274167225070546,0.24849201880043,-0.04635394283895292,0.54036007283393,0.9580803425623401
0120,24261,24471,29.97,traveling_polarized,0.9194781190734378,0.24668347648110026,-0.053003952803996605,0.4559591938046037,0.932460650292468
0124,779,1199,29.97,milling,0.08777721745267482,0.57242049015709,-0.018385974171634123,0.6866449075285183,0.6581925760935194
0124,1229,1663,29.97,milling,0.20563083745750932,0.6176810010859396,0.07853479411056742,0.7187428058742692,0.6927441180660039
0124,1708,2937,29.97,milling,0.09838487809700855,0.6555163661655348,0.07083365872152887,0.7345366876378238,0.7047066170673081
0124,3096,3312,29.97,milling,0.2806669351954427,0.5777857884436388,-0.014414472716346586,0.6116192063612397,0.7083420935261392
0124,3363,3695,29.97,milling,0.20454418072601122,0.628922458322888,0.011840682914801415,0.7195599865300374,0.7106432111719528
0124,4253,4316,29.97,milling,0.42668110850368346,0.5494689767433872,0.023491423092159,0.7759366006682232,0.6759311030888143
0124,4684,5014,29.97,milling,0.30932350010913046,0.5826175347518765,-0.025707232105323906,0.6925309524910059,0.7163965252303266
0124,5083,6474,29.97,milling,0.21615086277290907,0.6592697082984649,0.0576375446135968,0.731065662037983,0.7358392524394144
0124,8056,8383,29.97,traveling_polarized,0.8452827482866346,0.11685157487420192,0.019731915353857002,0.5244474298393105,0.888213866258176
0124,8455,8841,29.97,traveling_polarized,0.8870667199485754,0.2409863629152958,0.012800181769806344,0.5009260830496831,0.9280304471028707
0124,8991,10070,29.97,milling,0.2584344667252807,0.712855756451935,0.04991962724783163,0.6969410500456422,0.7672819563172325
0124,10831,11239,29.97,traveling_polarized,0.8807977527090967,0.15954678063232028,0.03632939005206863,0.5114552090859545,0.915766634110042
0124,11538,11877,29.97,milling,0.3076190321028202,0.6393835979215751,0.07469687142166345,0.7943973829196082,0.7297861943507029
0124,11934,12018,29.97,milling,0.3239948293124736,0.6885437855046774,0.1355482197080962,0.733306899442641,0.7693701097855872
0124,12414,12716,29.97,traveling_polarized,0.8499379539008355,0.16592890861993234,0.012360669922923664,0.4993920592890493,0.8747685370770044
0124,12800,12965,29.97,traveling_polarized,0.8202041037210882,0.23104900577116216,0.004653818295314916,0.5359995526735754,0.8834107246478214
0124,13289,13486,29.97,traveling_polarized,0.7570936974256394,0.23390710282691646,0.055780419058461365,0.570164317087869,0.8225732588492367
0124,13984,14206,29.97,shoaling,0.20599604307253613,0.053064946571432126,0.008277414230941717,0.5509435771471489,0.45183408467538455
0124,14404,14805,29.97,shoaling,0.23953984450758073,0.17462637928464236,-0.02414571438633237,0.5838877533873614,0.49315085930339914
0124,15435,15824,29.97,traveling_polarized,0.745740669330429,0.20174174876506504,0.11019999265321098,0.5621156386504758,0.8157448491106146
0124,16127,16274,29.97,shoaling,0.23348495548717502,0.15905695981114637,-0.05320454462991743,0.5254491973207357,0.5995360693136287
0124,17973,18096,29.97,milling,0.12663133870120194,0.5528573954875933,0.05960863319351266,0.682585412410482,0.596354010928667
0124,19019,19172,29.97,traveling_polarized,0.7420646996658387,0.1784150507572149,0.07806582325195685,0.36388574774068094,0.8255348583187154
0124,19612,19912,29.97,traveling_polarized,0.8007855862533629,0.1380362680437601,0.005294807458129558,0.3998664628677982,0.8633784538201826
0124,21438,22115,29.97,milling,0.20669096818614258,0.6290474097055225,0.06849689338701544,0.6984065554668055,0.7111528634857048
0124,22684,22951,29.97,traveling_polarized,0.8704158191462553,0.16823399696745445,-0.021822490689248224,0.39335490078614493,0.9112625901373003
0126,0,869,29.97,traveling_polarized,0.9200358843717663,0.30230740290133795,0.0372536235090093,0.5331818101808701,0.9385512176746799
0126,1019,1528,29.97,traveling_polarized,0.9428381687615015,0.17438184760708073,0.1192078780044774,0.5372982635009197,0.9512121711709076
0126,1648,1768,29.97,traveling_polarized,0.9339973818555322,0.194064916821748,0.1996136871830022,0.5010163745564513,0.9442508774243692
0126,2008,2517,29.97,traveling_polarized,0.9268459179091676,0.34623425330472163,0.0030786430696762403,0.5517493347599411,0.938363939279617
0126,2637,3027,29.97,traveling_polarized,0.9569063452769704,0.30371162841499244,0.01667840604968045,0.44630960344880316,0.9611112058147954
0126,3147,3956,29.97,traveling_polarized,0.9529751174129902,0.30814415621539887,-0.019826719482800455,0.5102352127487073,0.9604250145475527
0126,4136,4615,29.97,traveling_polarized,0.9010326447877597,0.26911720506605125,0.0004898796889839614,0.5124717238857747,0.9212828535776425
0126,4765,5095,29.97,traveling_polarized,0.9452315286071928,0.23421064776421047,0.08106027096031569,0.4760017321454865,0.9570180490068524
0126,5155,5305,29.97,traveling_polarized,0.8803135484229316,0.2519475820800961,0.018785803810728748,0.5427896814544535,0.91625409834165
0126,5395,6414,29.97,traveling_polarized,0.9389359830093741,0.26043303443649013,-0.008419279037116263,0.47989922727900847,0.9471942381175676
0126,6474,6683,29.97,traveling_polarized,0.9403462749870855,0.27565886219324726,-0.008655974149180653,0.46512183109018285,0.9450150475493919
0126,6743,7612,29.97,traveling_polarized,0.9169451970783309,0.37136299212971163,0.08837077104587919,0.5376826519923921,0.9343235890552126
0126,7792,7912,29.97,traveling_polarized,0.8972609884163502,0.20436303171080922,-0.02246437053294045,0.49794563430271777,0.9070628514619824
0126,7972,8182,29.97,traveling_polarized,0.9201379850811267,0.304417235072819,0.04756250192120145,0.5657586826977545,0.9436075564022504
0126,8242,8392,29.97,traveling_polarized,0.9612190084671639,0.30571654972095935,0.00961024920006743,0.42385054134627675,0.968523160334802
0126,8452,8661,29.97,traveling_polarized,0.9256156519179674,0.2949843912360803,0.0914039297614324,0.5242897974537357,0.9409536761387944
0126,8691,9381,29.97,traveling_polarized,0.9247060150398155,0.2758630087906735,0.04866268076394382,0.5146437723916909,0.9431746860409462
0126,9441,9890,29.97,traveling_polarized,0.9451645917679472,0.3665081735312022,0.05433661630280655,0.5160675669762405,0.9620915626062151
0126,9950,12018,29.97,traveling_polarized,0.9203007887237205,0.27390916478886335,-0.0034941203899174654,0.5012896415096905,0.9347604080849625
0126,12288,12363,29.97,traveling_polarized,0.9055634560380478,0.39942496765243096,-0.03480529836775748,0.6740355006005608,0.9238120154602778
0126,12677,13277,29.97,traveling_polarized,0.8924379289142736,0.3752493748231598,0.02805319045167252,0.509552009281656,0.9262943675716163
0126,13367,13457,29.97,shoaling,0.39264468165763605,0.08022370021699597,0.07329143634760812,0.5128567274944446,0.45856529032720716
0126,13936,14026,29.97,traveling_polarized,0.8847097221387956,0.22677864282230814,-0.07419357476123699,0.5084300877804714,0.9127904034436204
0126,14071,14122,29.97,shoaling,0.26152959742203113,0.21911645520648765,-0.07306136279731656,0.5207311628057525,0.4148814542022311
0126,14206,14326,29.97,traveling_polarized,0.8766846200235481,0.2256270086820645,-0.06747573338158694,0.532637870226609,0.9087538549986134
0126,14386,14476,29.97,shoaling,0.2500180688106868,0.1406595187516496,0.041492639097322134,0.6423950357361983,0.45565744481931214
0126,14595,14865,29.97,traveling_polarized,0.9094072241295325,0.17689512855284065,0.07405336548852995,0.4782904453445213,0.9268749513572915
0126,14955,15345,29.97,traveling_polarized,0.9350552529966375,0.24123938392923078,0.09032359527709187,0.5227235983916021,0.9468896791671657
0126,15554,15944,29.97,traveling_polarized,0.9395909931510218,0.32027157381194543,-0.05428815147398584,0.5416932686477168,0.9604344363608978
0126,16154,16753,29.97,traveling_polarized,0.9405915725342247,0.3318707610215008,0.1802901033495733,0.5183662360929635,0.9550094505628051
0126,16993,17143,29.97,traveling_polarized,0.870630127524049,0.36158534440799983,0.14711128564503856,0.5148319455593519,0.8904995817321567
0126,17652,18132,29.97,traveling_polarized,0.8689265865355994,0.23669073177242222,0.022063037266027423,0.5046369812248276,0.8979464158729525
0126,18222,19121,29.97,traveling_polarized,0.9116351660445244,0.34124686245804486,0.018726518123931748,0.5417169404296684,0.932192844818192
0126,19181,19301,29.97,traveling_polarized,0.9249621985018298,0.48748661723945214,-0.13345730118782478,0.5903952751513329,0.9474667626386388
0126,19391,19810,29.97,traveling_polarized,0.9274681561436383,0.2805935725110425,-0.01490668670693576,0.510206820358528,0.952523808361436
0126,19870,20559,29.97,traveling_polarized,0.9167532025841801,0.3053595770883116,0.014486529946302382,0.51487149857526,0.9367623840937098
0126,21069,21279,29.97,milling,0.5324602305575031,0.6485001517175306,-0.020633179396796406,0.7685222059887935,0.6958466678038623
0126,21369,21848,29.97,traveling_polarized,0.8824038070042526,0.22801857114878685,-0.013567229528238117,0.5557461115630541,0.8974951521037013
0126,21968,22448,29.97,traveling_polarized,0.9377918132051081,0.27026298506655766,-0.016225058486028437,0.4846336196907202,0.9505572019814494
0126,22567,23077,29.97,traveling_polarized,0.9274436407960928,0.3937290403570103,-0.0280414572440673,0.5068567687478194,0.9404461638135739
0126,23317,23826,29.97,traveling_polarized,0.9522841582093033,0.3377919679160688,0.06525307063836945,0.5046774706817673,0.9626450331799634
0126,23976,24635,29.97,traveling_polarized,0.9061616419537546,0.4022180449920608,0.05818395416938482,0.47266003283588287,0.9260835299560373
0200,300,420,29.97,traveling_polarized,0.884276483767291,0.13135388499221706,0.026412874083223577,0.38970563106607214,0.9178828901911907
0200,800,875,29.97,traveling_polarized,0.8504658449867285,0.2818708492127149,-0.04502151337132936,0.5149699580991405,0.8982603542701457
0200,1079,1340,29.97,traveling_polarized,0.9252389203030946,0.13715590304874356,-0.06434225707824041,0.46806751690652654,0.9491553045026777
0200,1531,1864,29.97,milling,0.23724472845885047,0.7313608180150476,0.016692127126196568,0.7757351547529471,0.7960761160112227
0200,2056,2260,29.97,traveling_polarized,0.9316467385459904,0.13941323480937906,-0.047325809299917185,0.48177439676410827,0.9547824281847553
0200,2320,2374,29.97,traveling_polarized,0.8515739141090166,0.13820552869417402,-0.14206745145803956,0.4845268508646378,0.9042843825499403
0200,2482,2664,29.97,shoaling,0.2328478467035406,0.08245969383855295,0.03651824184239485,0.595047235524153,0.4993359958824999
0200,3036,3450,29.97,milling,0.20967797186506498,0.6093800312821475,0.060602036701778085,0.7308124391663771,0.7423327035826873
0200,3869,3953,29.97,traveling_polarized,0.9382454033615515,0.16280661970313778,-0.005669729980402168,0.4586994853656876,0.9632265841328963
0200,4094,4157,29.97,traveling_polarized,0.8426498726938899,0.29779092007270913,-0.08497263754909601,0.5732524373457671,0.9093390788757675
0200,4370,4442,29.97,milling,0.3981267524994834,0.5989088891112778,0.09726519150839791,0.6757721825904003,0.7690118286257643
0200,5461,5535,29.97,traveling_polarized,0.8861170973725079,0.12246388963579213,-0.02262237044862464,0.4431482140106828,0.9213758655792982
0200,6219,6282,29.97,traveling_polarized,0.8516501621845529,0.28153425023964257,0.15109606998513728,0.5113301940044415,0.9088427351187596
0200,6405,6509,29.97,traveling_polarized,0.8907611523100356,0.23386102353885507,-0.0006887502733031939,0.5751859215519075,0.9318945095600059
0200,7250,7490,29.97,traveling_polarized,0.9266404606615108,0.17799537540199906,0.007938229052210814,0.4860085292890742,0.9537821477381825
0200,7615,8017,29.97,milling,0.1909849131166834,0.7052774816004223,0.04550674853250139,0.792833594127405,0.78773110075382
0200,8332,8488,29.97,traveling_polarized,0.8858708853387276,0.21765885614725825,-0.056321100128517966,0.43409840070114286,0.9387378545017168
0200,9198,9486,29.97,milling,0.17808885708265906,0.7199417824338686,0.04856300036868627,0.7587902316462394,0.818421852199356
0200,9605,9812,29.97,milling,0.3755903712808604,0.6494101090796439,0.04214723950744241,0.6955331772684961,0.829303266862245
0200,9851,10151,29.97,milling,0.2777068643872923,0.733623510667502,0.016776269058647965,0.7739539503216277,0.8225833770818817
0200,10268,10394,29.97,milling,0.2994082058004892,0.6938260355264453,0.13065898345298613,0.7685448505522353,0.8222037320465343
0200,10549,10663,29.97,traveling_polarized,0.9072423554930016,0.16881350967006492,-0.03925667641562618,0.3882602102294446,0.9451919099987943
0200,11182,11452,29.97,traveling_polarized,0.9085302594253206,0.1177124788211774,-0.05590718710423705,0.419107177100843,0.9372282459389714
0200,11751,11871,29.97,traveling_polarized,0.8353036915287579,0.2842528905967681,0.03063835877299604,0.5131225631312432,0.8890306293711664
0200,12087,12243,29.97,traveling_polarized,0.9105857843462866,0.19070292032694378,-0.029659503296095766,0.4110712219527727,0.9488501478495189
0200,12435,12608,29.97,traveling_polarized,0.8597994437213757,0.11524054295775818,-0.046717571848739946,0.48678679095876504,0.9163694842426675
0200,12803,12905,29.97,shoaling,0.27182256586519593,0.19503033034737283,-0.004196424228901328,0.5681366481204786,0.5413152840503089
0200,13235,13469,29.97,traveling_polarized,0.9141263269617911,0.11357305595658111,-0.015514894506356269,0.39563458790746364,0.937464554920841
0200,14020,14562,29.97,milling,0.43083216896514276,0.7703770358321234,0.07409581797268527,0.8143425365734018,0.8846250285888346
0200,14718,14826,29.97,milling,0.37738046753854876,0.5798201125586884,0.032551813251503185,0.6972548348854717,0.7247786291838926
0200,16067,16256,29.97,milling,0.2628207253738649,0.6775031065968367,0.026172164379266886,0.755706694889309,0.8029866717278952
0200,17401,17544,29.97,shoaling,0.28515163369700675,0.1309417781516426,0.017380486425342175,0.4183296236969418,0.722779221700293
